{"generation": 0, "fitness_avg": 285.32564016196784, "fitness_std": 130.11246306914913, "fitness_best": 549.1851826002649, "fitness_best_val": 553.3206429666334, "n_neurons_best": 9, "n_conns_best": 22, "pop_size": 60, "n_species": 20, "time_elapsed": 31.801233053207397, "time_elapsed_avg": 31.801233053207397, "n_extinctions": 0}
